<?xml version="1.0" encoding="UTF-8"?>
<extentreports>
	<configuration>
		<!-- report theme -->
		<!--standard dark-->
		<theme>standard</theme>
		<!-- document encoding -->
		<!-- details to UTF-8 -->
		<encoding>UTF-8</encoding>
		<!-- protocol for script and stylesheets -->
		<!-- default to https -->
		<protocol>http</protocol>
		<!-- title of the document-->
		<documentTitle>Extent</documentTitle>
		<!-- report name-displayed at top-nav -->
		<reportName>bbcCucumber Extent Report</reportName>
		<!-- location of charts in the test view-->
		<!--top, nottom -->
		<testViewCharLocation>bottom</testViewCharLocation>
		<!-- custom javascript -->
		<scripts>
			<![CDATA[
$(document).ready(function() {
});
]]>
		</scripts>
	</configuration>
</extentreports>