<?xml version="1.0" encoding="UTF-8"?>
<Configuration status="WARN">
	<Properties>
		<Property name="basepath">./Output</Property>
	</Properties>

	<Appenders>
		<RollingFile name="File" filename="${basepath}/Sample.log" filepattern="${basepath}/Sample-%d{yyyy-MM-dd}">
			<PatternLayout pattern="%d{HH:mm:ss.SSS} [%t] %-5level %logger{36} - %msg%n" />
			<SizeBasedTriggeringPolicy size="500" />
		</RollingFile>
		<Console name="Console" target="SYSTEM_OUT">
			<PatternLayout pattern="%d{HH:mm:ss.SSS} [%t] %-5level %logger{36} - %msg%n" />
		</Console>
	</Appenders>

	<Loggers>
		<Logger name="ass4.Seleniumass" level="trace" additivity="false">
			<AppenderRef ref="File" />
		</Logger>

		<Root level="trace">
			<AppenderRef ref="File" />
		</Root>
	</Loggers>
</Configuration>